+ACI-image+ACI-,+ACI-target+ACI-
+ACI-aadawlxbmapqrblgxyzarhjasgiobu.png+ACI-,0
+ACI-abpxvdfyhaaohzcrngcucmhffwizxs.jpg+ACI-,0
+ACI-aclkjfvackiieiznzfcwienplielrj.jpg+ACI-,0
+ACI-aelkivmayxgsdjosiibfgmkvfrjvjk.jpg+ACI-,0
+ACI-aelzzshpfxerelefnkatpczktuxjln.jpg+ACI-,0
+ACI-ajnjnkvstqesvfohaptobyasrkmcnq.jpg+ACI-,0
+ACI-akkydnvilgvzigllmboonbqbbioocs.jpg+ACI-,0
+ACI-akvjfjhgayyjwrqrczjbeyoqhhajis.jpg+ACI-,0
+ACI-alcveyvosnywyjbmngolmnblftdoje.jpg+ACI-,0
+ACI-alfuzzlrjkdrrzauiswqnuvpvzfluc.jpg+ACI-,0
+ACI-aljnaycepveqbedxhsklixyjodpcho.jpg+ACI-,0
+ACI-amvorhijzrsihdqvyddkamjdyuahqm.jpg+ACI-,0
+ACI-autvannlbggmjsuhqbnnffyhrnyyhp.jpg+ACI-,0
+ACI-aveecvuafgubjfweqsfyomjgyazdxs.jpg+ACI-,0
+ACI-ayqcgikqwwnikkwdufxnxhfixdpelp.jpg+ACI-,0
+ACI-bakmhsflobtjjwilhsiqynhmnrjjnq.jpg+ACI-,0
+ACI-bbolakporoaeojpqandvajgrojnkaj.jpg+ACI-,0
+ACI-bcqfficwazmpxairlfnchvusputshk.jpg+ACI-,0
+ACI-bctvvfysokpohqxzngbuuaugtgtkov.jpg+ACI-,0
+ACI-bfjrheksmajsxlorqmwtpwjonzkyiv.jpg+ACI-,0
+ACI-bhczfsgehqldydadvfldnunftxzfdv.jpg+ACI-,0
+ACI-bihlsygajgvqsywzkpfbmupevnuoqh.jpg+ACI-,0
+ACI-bivegebpyjsmiaylkruufjevjxqydc.jpg+ACI-,0
+ACI-bjlwcuatbrxhdxocieancqgdlgqnma.jpg+ACI-,0
+ACI-bkhjxlxizjiychukanlstfpcodlubc.jpg+ACI-,0
+ACI-blgzlxqgcpxulfwfywadwbbeptqcol.jpg+ACI-,0
+ACI-blmgakpsirdrdnimkjwdnbusgactzx.jpg+ACI-,0
+ACI-bophtvssbpnmzkxfxuvupbriwazlcz.jpg+ACI-,0
+ACI-botfdlboeryhmfxctjvzbqriqyonuv.jpg+ACI-,0
+ACI-bqjjodotjhmmchkiityjpmglknkzdq.jpg+ACI-,0
+ACI-bqudlucapxfguiydzopfdvuasiwscs.jpg+ACI-,0
+ACI-broomszdrrefxhmthsxwurzfuutkft.jpeg+ACI-,0
+ACI-bucfsqoezlveinjzzyyfiianjzrklf.jpg+ACI-,0
+ACI-bvrbztwngoiduyhlrnxnybuqamwdjq.jpg+ACI-,0
+ACI-bynakhmyescxfghpzliqaaewgtlhas.jpg+ACI-,0
+ACI-bzdueelveubapkgmqbhzrerdmvbqtz.jpg+ACI-,0
+ACI-ccliaukfdmqskirlsqaemkdtziyhos.jpg+ACI-,0
+ACI-cdugozukojbkpzksazbxqxnpxnoxts.jpg+ACI-,0
+ACI-cdxocpqismtjtcoiqncmocnyhqipeq.jpg+ACI-,0
+ACI-cemwpmilmtzyyvpoxxflruiyubdzvc.jpg+ACI-,0
+ACI-cetwookalphtxhtbwgcpzfjpmasfic.png+ACI-,0
+ACI-cgnarbagkiqkuvnbgidtpbpzlxxzzc.jpg+ACI-,0
+ACI-cjbutauggylhztvnyutbozyfqaealv.jpg+ACI-,0
+ACI-clcluoyktakfjgcjyjgbbrhaxjkanl.jpg+ACI-,0
+ACI-clibkrbidguqcugbkymxqioqwolsvv.jpg+ACI-,0
+ACI-csaamuupuegbgkdvhihaucddwkvgcg.jpg+ACI-,0
+ACI-csrqrzoyceubuehyicuwjisnsvyfuk.jpg+ACI-,0
+ACI-cxnmwtwjlhvwljnwzdyucnlrkwmzva.jpg+ACI-,0
+ACI-cxtbkqwdjxgxlieyzzfokybmrynvzt.jpg+ACI-,0
+ACI-cynaerknbrqzwlssknbvxqoffjfmqa.jpg+ACI-,0
+ACI-cytfwnqddgfmwopldwoyzfgvdshchj.jpg+ACI-,0
+ACI-czfaqpiyukmerduehjkdrhkhtqxbia.jpg+ACI-,0
+ACI-dbuvujopjxofqfcsxghgeruyrhqamf.jpg+ACI-,0
+ACI-ddmvffnxrrqoftjquegcfyynvbpioe.jpg+ACI-,0
+ACI-dfbqqsvocxgkdljrvnnztyvaexmxgp.jpg+ACI-,0
+ACI-dgzjgjduiwcejpltzhhsdrsfrfwbhm.jpg+ACI-,0
+ACI-dhcyrecupnqhsmwidgcgghdvkmlsfi.jpg+ACI-,0
+ACI-dhxbbarhojjiuoacxyzdtayykriavi.jpg+ACI-,0
+ACI-dihlagwlolbphxxdxmfbsmaeqqqcgs.jpeg+ACI-,0
+ACI-djdsobvkfuoagxivxpraiusgzjozds.jpg+ACI-,0
+ACI-dlaaovaxfeqezvculovoovlyakhlgd.jpg+ACI-,0
+ACI-dnzsxkpbmmtytvrlklmnbprbcwysix.jpg+ACI-,0
+ACI-dobrsakjzqfkkwbuvhfpxgjynstyjd.jpg+ACI-,0
+ACI-dpnnhtmzinfjwzxeihghlsaugrseso.jpg+ACI-,0
+ACI-dshtrcyfhcxdnmqcpqaachrxbmraqm.png+ACI-,0
+ACI-dthpinelztapoyhclbpyyxijcqcsyv.jpg+ACI-,0
+ACI-duythftfcibydcrmobngveppsbczuq.jpg+ACI-,0
+ACI-dveocsyrdwmmokqvzmherympxsnhjg.jpg+ACI-,0
+ACI-dxkxrtwzulytuhegnxjznhxxsqdvjt.jpg+ACI-,0
+ACI-dyintomnapqkperdaokbxbsyrgiadi.jpg+ACI-,0
+ACI-dyjtodxzlakemnjmxwcvxezykwmvoo.jpg+ACI-,0
+ACI-egmlopponygomfuzzhzoextlxzgkmo.jpg+ACI-,0
+ACI-ejmhvjdcgulaxvqqwyuwabbwqjievn.jpg+ACI-,0
+ACI-ejwoiledjlwunsjpnuquukzkjhalov.jpg+ACI-,0
+ACI-elajrsvrogkgcerlrfjvwgzqdzjumg.jpg+ACI-,0
+ACI-eoeatxoppisxmubbwmpnabjbezizgx.jpg+ACI-,0
+ACI-eofsqiwaevaeqkxjdayeeyzhliteho.jpg+ACI-,0
+ACI-eowgxpfwjhfpfvoytzlejmtyxegcfx.jpg+ACI-,0
+ACI-epicmexrbnzcoykteovumnjlpeeejh.jpg+ACI-,0
+ACI-eqhyxymtcmsvgesckcrjowyebhnohw.jpg+ACI-,0
+ACI-eqycjhiuvqojearvldxihxvmrajwtc.jpg+ACI-,0
+ACI-ethbvskgnyzyuirqytshhzvyzbqjxv.jpg+ACI-,0
+ACI-eusetdoazbgklyqcezwcacrokjcufo.jpg+ACI-,0
+ACI-ewrlffkoseneqgraxwhomtlwxiwekb.jpg+ACI-,0
+ACI-eyavyurhmycfumwdjnvvxenleadrcl.jpg+ACI-,0
+ACI-ezmnotqwlrngiwgnwbaheeoueyxvny.jpg+ACI-,0
+ACI-fefhbwjojkixcapyhinlmsqvjyhjmk.jpg+ACI-,0
+ACI-fhggkjdcfrlbgjgdohqetzvtzvzwox.jpg+ACI-,0
+ACI-fhhipzleexntfxjqfztvtikwqlylfz.jpg+ACI-,0
+ACI-fmkdsmhmklnzkownqsschpnomjedlx.jpg+ACI-,0
+ACI-fnefuqqsicuqfsymibosjdjwawrmvq.jpg+ACI-,0
+ACI-fnkfsdjmdihrmynpqxmnrwzxessrdc.jpg+ACI-,0
+ACI-frpsiqoutwcdsluictnefqjbnhaojr.jpg+ACI-,0
+ACI-ftcupseqywfpqtfftqilalhmaanpcv.jpg+ACI-,0
+ACI-fuldxhllmyyhygdvrczspchtlwifqm.jpg+ACI-,0
+ACI-fvitugrhbmzimhnlanfwqhnmtovgob.jpg+ACI-,0
+ACI-fvlynglrxqdpvnhnaojggecbomqvbr.jpg+ACI-,0
+ACI-fvmrktruwpyzblmwwnubraikddamol.jpg+ACI-,0
+ACI-fvvzssylplidrbhtvshkkfflzatqsd.jpg+ACI-,0
+ACI-fvyderokisqwuoqwuaoadkkvtfoeya.jpg+ACI-,0
+ACI-fwjhmiqtdoufzyyzkjzxrhzdwkcedo.jpg+ACI-,0
+ACI-fxrmuuyabdjwnsveyuijcliwmywezh.jpg+ACI-,0
+ACI-gadijdxgeinztdiaolvtceypzbvlam.jpg+ACI-,0
+ACI-gbdwbyuafezgszupikmwrdivflidna.jpg+ACI-,0
+ACI-gbfvanqxwaqvwzxuqegqaompgvsamm.jpg+ACI-,0
+ACI-gdkceqpjaozdsbfuaapadetsdgsoyz.jpg+ACI-,0
+ACI-gdwbhsehebmpgcfbndlibiccryfxid.jpg+ACI-,0
+ACI-geadhikvjfcvvrtszjsxqnevbdvstr.jpg+ACI-,0
+ACI-geaxljqcgthkjujpgjqtinitobfjqe.jpg+ACI-,0
+ACI-geszfskhujvpyziumhlqpgptmpajtt.jpg+ACI-,0
+ACI-gexghbuikqpefswrouipqfgvkzdkzv.jpg+ACI-,0
+ACI-gftflwiwqrswxrpccfpkhdftoajcws.jpg+ACI-,0
+ACI-ggqkntfyrhgeizstqrxlhhpwvjykbl.jpg+ACI-,0
+ACI-gjppsnmwvegpfaotczwscojavigasa.jpg+ACI-,0
+ACI-gkxlqxmuohjzxzweewniylzaxuqiit.jpg+ACI-,0
+ACI-glnkqsehtsemwxgfcabdouxnguoope.jpg+ACI-,0
+ACI-glpbrbtkrussrnfolvxynzjdfkvbin.jpg+ACI-,0
+ACI-gmocqhzokvhyrkohiraxixdbmcscjq.jpg+ACI-,0
+ACI-goxowiqsuthbriuqxiespbmeegqkvf.jpg+ACI-,0
+ACI-gppgpyeceknjakxhnvcgivtzqkexdt.jpg+ACI-,0
+ACI-gqbziiohphcmauvpfwlcpyxqqapghh.jpg+ACI-,0
+ACI-gqyjkyvhkkgfldgfvrkwvogjnganlj.jpg+ACI-,0
+ACI-greuliaymizfmfvngfqmrbzayusphp.jpg+ACI-,0
+ACI-griokgoxjwgbtlffxnqnoefynizroa.jpg+ACI-,0
+ACI-gsphpflowsxvbzmqoehtwimxigmexc.jpg+ACI-,0
+ACI-gtydqhzuwwcebasjexbrajitsqhnfh.jpg+ACI-,0
+ACI-gvykagbusbpbuzcvkftzaatczcevwk.png+ACI-,0
+ACI-gvzjodvhueivloxnomfhmpmcdbzvap.jpeg+ACI-,0
+ACI-gzmiyxrvuprhvkmnckztiadtirmwrj.jpg+ACI-,0
+ACI-haghwzucuaiwbeuerzxnrnflkytyqu.jpg+ACI-,0
+ACI-hddqpruzeyfpuemmkrvajzewjauqbg.jpg+ACI-,0
+ACI-hdftlvovpcycpipsqjnfxbzuvmlnlm.jpg+ACI-,0
+ACI-hdmcngrvtgikfstjgrgqfotraeffgg.jpg+ACI-,0
+ACI-hepwugnfdvxafszdjsdmscpcvejipp.jpg+ACI-,0
+ACI-hhirnwzcfyhnrwbfjmhioqyosjouxm.jpg+ACI-,0
+ACI-hirjzqktwfoauvblgqocpnrhksqdih.jpg+ACI-,0
+ACI-hkftgcijkghprpxyuknyfimzjlzpde.jpg+ACI-,0
+ACI-hnmbjysdtuiasvlabvnataindypuzu.jpg+ACI-,0
+ACI-hqxkkaletsjpqenfgprderxwvvdtwx.jpg+ACI-,0
+ACI-hsyezwcpciffcupbkadwtcqpxhlofh.jpg+ACI-,0
+ACI-iczzwmswptqjkzgbczxmgewfkfbfbn.jpg+ACI-,0
+ACI-idardcfquyazdghrsrbiyujmguzxnr.jpg+ACI-,0
+ACI-idnwoyvjflsoiwvbcleokhdfgdwqng.jpg+ACI-,0
+ACI-ifhrlfbitalzvqnfwqnuudutpbfpdq.jpg+ACI-,0
+ACI-igulitrigxyyzhhiduazzrwydlqrcv.jpg+ACI-,0
+ACI-ijmzxmoihywxoariplmfexcmexsibs.jpg+ACI-,0
+ACI-iluwkwmnrgiouhirnkfdmhnczfxivc.jpg+ACI-,0
+ACI-ilyczntkhdwwqxgayvmewwrvonzokc.jpg+ACI-,0
+ACI-imkumwldsvcwkjbhwglebnqtgjuaqy.jpg+ACI-,0
+ACI-imzjoogcbcvsgkbekgsxdfhxdlodgb.jpg+ACI-,0
+ACI-inilzqtajpxhdbqrrrmvnhrzmevhkv.jpg+ACI-,0
+ACI-ioafahyushqhdpfinjvuormfkchmjf.jpg+ACI-,0
+ACI-ioedeamftahwmovcpgigwnypdhykwz.jpg+ACI-,0
+ACI-iosikwfhnhmqdvuymkrdeatakkdryd.jpg+ACI-,0
+ACI-iqpspkpytnrfnnxpbdgulrpmdssxvv.jpg+ACI-,0
+ACI-itsfoylidpuiehheyisjrssydwpkjs.jpg+ACI-,0
+ACI-itxiomwebnkfodztausaduxyrhgfrv.jpg+ACI-,0
+ACI-iurkzngzsfejzqwpvcogoamriplacq.jpg+ACI-,0
+ACI-iuzfasnekvmbbmtqetpnmrxcyopfie.jpg+ACI-,0
+ACI-ivhqllncotctfxttkqqvwamkdeokih.jpg+ACI-,0
+ACI-iwgumsxpuxzcolrrnfwkqidfknzjic.jpg+ACI-,0
+ACI-iwrrnosiwxykcwfnzdnephwjeynjvr.jpg+ACI-,0
+ACI-ixbtflbbatnitjiveitztqwnjfvidt.jpg+ACI-,0
+ACI-ixnarcfjcjzduyghjrmbpsezuhxdeb.png+ACI-,0
+ACI-iyyhdzhpafxpjyvrqstdlsvnhqntqw.jpg+ACI-,0
+ACI-jaypieocqkwftzmbzsgrkttchyhpaa.jpg+ACI-,0
+ACI-jbmhymhbpiobylwbugudyfpnkmisbc.jpg+ACI-,0
+ACI-jcqewjmnixvdytkvwuvgywcblhvotx.jpg+ACI-,0
+ACI-jdiamrvlvhyxhouxlkjrdcfoqbtzlf.jpg+ACI-,0
+ACI-jdmorbhddqxvqofbotgldacezkmyjt.jpg+ACI-,0
+ACI-jdtkbagujtkdseprtglztarncdxzqt.jpg+ACI-,0
+ACI-jelzmmcmozeaeiswvdkwcltfccanwg.jpg+ACI-,0
+ACI-jgvemmdihzkjgodvehrlpacstjwnbv.jpg+ACI-,0
+ACI-jgwawiynmntnlhhwckjlqtijvnkjff.jpg+ACI-,0
+ACI-jhhjxctcsxlujwhoprnevvfprddnjs.jpg+ACI-,0
+ACI-jhvehfryklsushrvqiyjrxtybsyxjs.jpg+ACI-,0
+ACI-jhwecyoxnwdqysddxcjogbvlhjxrfm.jpg+ACI-,0
+ACI-jiorwmlthejgwwbnshbuevjaunqbku.jpg+ACI-,0
+ACI-jiuvimokosuqcqgxsjrpepfrxnudvl.jpg+ACI-,0
+ACI-jjqgfnkunxqxwlrjxgakwcukfoavym.jpg+ACI-,0
+ACI-jkutvlbzwibdltuythhqtweqazglok.jpg+ACI-,0
+ACI-jnsjofyggzkakdsxxmptabbiksbuty.jpg+ACI-,0
+ACI-jnzcxqykfzbkbbgyscanfvxeqyruzh.jpg+ACI-,0
+ACI-jqgkxlfpzrktkyilfyuhhdyfsycanf.jpg+ACI-,0
+ACI-jqueszoqlgzwqzksmzanznuieydnyy.jpg+ACI-,0
+ACI-jsrbntbtdheogzmdzhatavcmmarvgl.jpg+ACI-,0
+ACI-jvcaprbropasegknsisprgwgitcrpi.jpg+ACI-,0
+ACI-jvpejwtddpkhiqhcikzoaojczgdwfz.jpg+ACI-,0
+ACI-jwdjkvvfvggphwhqatmbkjjlzdienf.jpg+ACI-,0
+ACI-jxtfudtgjrjafphvpcpyzvbjzkedlt.jpg+ACI-,0
+ACI-kajnfbinymxwelbpykfzurocazkajm.jpg+ACI-,0
+ACI-kcnlgwxftlpioadzfmayiitkbnkpfq.jpg+ACI-,0
+ACI-kduwskepxdwxdgfzkgnfnformtkgzg.jpg+ACI-,0
+ACI-kebxzepgnybcvtvjqohjaclvvsqjgo.jpg+ACI-,0
+ACI-kfkptevnxrhoofzewofglxzxgvkdcg.jpg+ACI-,0
+ACI-khvoycguuitlcpjxdflbkdgyzaoexh.jpg+ACI-,0
+ACI-kigglxwgyxssmujauixjszahnjctrd.jpg+ACI-,0
+ACI-kjdbifjcnzclwxadgtmgafbcylljhm.jpg+ACI-,0
+ACI-kkgjefxvtjfypjsjgyhshrutwhgdml.jpg+ACI-,0
+ACI-klkerkiflmmwcuzjqqkvhbrazosuzb.jpg+ACI-,0
+ACI-kmxjicdqvpfpvrhqukkpumdscvgnob.jpg+ACI-,0
+ACI-krnwchletlzkiqqzgvdfhwgcweukol.jpg+ACI-,0
+ACI-ktfusajinfwbuflriajdptixqssvun.jpg+ACI-,0
+ACI-ktmunasppplitpubmrdjbiqyuaibnd.jpg+ACI-,0
+ACI-kugkqjdlyxywogtbietnbvcmpjllwx.jpg+ACI-,0
+ACI-kujdzaccxtihhcwwvsnuublztrnzie.jpg+ACI-,0
+ACI-kvyzgviirzidxoawqeshlagmfmaqha.jpg+ACI-,0
+ACI-kwufgmdpyknfvezeytoywortrtkcha.jpg+ACI-,0
+ACI-kxcrhxbyxvhqnwqwqoqmaafwikuegm.jpg+ACI-,0
+ACI-laaqrylcpzmanpcdilwteiuhetchzt.jpg+ACI-,0
+ACI-lazlpqdyqxvdtgtfuwkcplrmtcoeoq.jpg+ACI-,0
+ACI-lbvuqszvcwajhzclogpiprfgxiswpr.jpg+ACI-,0
+ACI-lckpbjorlzqrhcccowfsaltairdvtd.png+ACI-,0
+ACI-lctzakuojllwuturyhbsoyexhyrhfb.jpg+ACI-,0
+ACI-leibivudzejijilbzmjwyqcgnolcbb.jpg+ACI-,0
+ACI-lhiwujhlwspbbgqydwewaioirumkri.jpg+ACI-,0
+ACI-lhrglduisvdlcgjiofvkkhvdcuaenj.jpg+ACI-,0
+ACI-lihqabxpdhfuuctwreixqcwwmjdvkg.jpg+ACI-,0
+ACI-lkzjcblzskcxgdzssgiasoddrrtouf.jpg+ACI-,0
+ACI-llecnksnwfhbpbcjzzijseaoxblcbo.jpg+ACI-,0
+ACI-lmdcsyqhjxxvdfzakuhxxmcrwmqkjj.jpg+ACI-,0
+ACI-lmrbtgixyoyrpexyiydyqjsexswuxr.jpg+ACI-,0
+ACI-lnulwsjdqnzkuyyaffwimadgavuwan.jpg+ACI-,0
+ACI-louklilbbrpqodurfzvvejxglgocwi.jpg+ACI-,0
+ACI-loyubqchniltkypeilmzrmwjnvjeiq.jpg+ACI-,0
+ACI-lpozqsannlntslamuxvcfpbjttiihl.jpg+ACI-,0
+ACI-lpxbhrpimmbsyeufegmxiuobcblwen.jpg+ACI-,0
+ACI-lqfnxaohuxlvexjgebyyoyvcpvfzte.jpg+ACI-,0
+ACI-lsdynvygkfyqehlpwbqammadxmsctv.jpg+ACI-,0
+ACI-ltuibmgnhtgsfugypuufvwrqprxtfk.jpg+ACI-,0
+ACI-lucoklnkqcjyrxyvbgnarqspgcwrku.jpg+ACI-,0
+ACI-lwhltrzhopzxcxkmjnepvkfkuocyyf.jpg+ACI-,0
+ACI-lxxlzvrdieuyvfkeshxuisxgormmyq.png+ACI-,0
+ACI-lyousdaviagybwamxfwdjpjfevopkf.jpeg+ACI-,0
+ACI-lzjxvwtdrrtwjceqgmucfpngihgdxm.jpg+ACI-,0
+ACI-lzvnzvftxmsgfnxqriwbranxlyjumy.jpg+ACI-,0
+ACI-mawbecdfltccgqymuosaxqmntvllvm.jpg+ACI-,0
+ACI-mbekjxyxdchvessngkvjexxfyqdrvv.jpg+ACI-,0
+ACI-mdwgptlsdcgkglflwsqseheibugref.jpg+ACI-,0
+ACI-meqeaivcxrtyjjlaaysnjeytrmpqmg.jpg+ACI-,0
+ACI-mfkvaqtdkxcsozmtzpeavslszhkbvv.jpg+ACI-,0
+ACI-mhkqlunhxjqrrnpjvwfklbzvwtrhch.jpg+ACI-,0
+ACI-micftikbkvjlfcuknzwfbjpjdhioxe.jpeg+ACI-,0
+ACI-mlkbwnogazpkcxpcdaluzexzhvbsbr.jpg+ACI-,0
+ACI-mragkclknhcnqosdkuvchpjdrjofso.jpg+ACI-,0
+ACI-mrytehdxapzyymznjhvbvkhutalisi.jpg+ACI-,0
+ACI-mryzptvsvgrisoimspvdugeepobqkk.jpg+ACI-,0
+ACI-mthrpqxgvwfdlksknvymngogpppnhp.jpg+ACI-,0
+ACI-mtjmylupexliggdaqvuamtttjbizro.jpg+ACI-,0
+ACI-mtkmqoxjnmplockjwdilejfsrxcbvy.jpg+ACI-,0
+ACI-mtqtvazpnlsfwlreocalqffwosonni.jpg+ACI-,0
+ACI-myruvkfrzwvlkxajpvfhdulbdsqucc.jpg+ACI-,0
+ACI-mzaawjyklcynlmsxhziexrqskewnsl.jpg+ACI-,0
+ACI-mzvlhczvlelzrkrgyelzjcjtcssgpq.jpg+ACI-,0
+ACI-mzwwwdleaormcvlqonydhzypbhqehq.jpg+ACI-,0
+ACI-naxcngaxukhslcyoodkgkegydlzjnu.jpg+ACI-,0
+ACI-nbpkndryqyojnydlzlnfibqdhnsjzo.jpg+ACI-,0
+ACI-nfxhlppokdjomdwvjweudtpurlmwnx.jpg+ACI-,0
+ACI-nhbvrxtecdhhvyyzdjumuhxwfgsnqf.jpg+ACI-,0
+ACI-nkexoipjsbhmytzjsnvxpkqhdtqidv.jpg+ACI-,0
+ACI-nlhevzkzseaudpnhbawmmufkxnqyni.jpg+ACI-,0
+ACI-nlmpasjsptsygvnkicmsroqwepliof.jpg+ACI-,0
+ACI-nmorsdnxcjanqzfyfjrxbvumnyihft.jpg+ACI-,0
+ACI-nncgaofbnlhkcvnvhajmgrxpomzzba.jpg+ACI-,0
+ACI-nnlxnagizcelrbzdeqpxyonlfardpk.jpg+ACI-,0
+ACI-noesixortoazgbkeukqoveyibvaxrc.jpg+ACI-,0
+ACI-nqhxoimohubxlnbgxulnralrtxyfwo.jpg+ACI-,0
+ACI-nrlywwygzrswfdbhjvdtakksrsvjgk.jpg+ACI-,0
+ACI-nrxwgfqqltfxrotfkykgknzommtzdd.jpg+ACI-,0
+ACI-nujqgvjxtkvnopkfyzciaziyjndntp.jpg+ACI-,0
+ACI-nwikmsqexytmdgyumqrfomreztdxxz.jpg+ACI-,0
+ACI-nxigjkucblcrgqfmwcwritnrmcjsgz.jpg+ACI-,0
+ACI-nxkricypqzyjopipbggbupjyjlyhtj.jpg+ACI-,0
+ACI-nyqzmqlebpyheacmxpeacxszlgxagk.jpg+ACI-,0
+ACI-nzhtmzjahmnlycpchimibdygcdkcnz.jpg+ACI-,0
+ACI-nzpfwndzpzskokcaqmsxlqjgdyrmhe.jpg+ACI-,0
+ACI-ogclzsfhvbloezgkivpedxaldtahzl.jpg+ACI-,0
+ACI-ohiszivnnrkglfcpkvgqobmozjgrwa.jpg+ACI-,0
+ACI-olvntotfzczjpihgsmsrdshaphevzh.jpg+ACI-,0
+ACI-omdjxmhixkgnqsvczwkplpjivyvdbo.jpg+ACI-,0
+ACI-omgrzbdrlptmmwpudagcrctzvznrap.png+ACI-,0
+ACI-oojheezdsmrbzaxtpeapauytvovivl.jpg+ACI-,0
+ACI-opdeeeogjakgkmhchcmfcfggxpcszz.jpg+ACI-,0
+ACI-ornhixchukzqnrcisoodqytmeeqplp.jpg+ACI-,0
+ACI-orsoixyrasfxlkqzngwfasbadeydlh.jpg+ACI-,0
+ACI-orzwzwgaccsbeglnbxsitvpxcivdcm.jpg+ACI-,0
+ACI-osirultbdzsgmknbqrucggtqnfoljs.jpg+ACI-,0
+ACI-ovasoplwfuqqevywvgggocgxixnktp.jpg+ACI-,0
+ACI-ovyapwxepknnprboziljwxeskjuiim.jpg+ACI-,0
+ACI-owffonqaueruqlyakqnwwekvjaougd.jpg+ACI-,0
+ACI-oxtgwjovwkjybnyejaezfzqerhvpqj.jpg+ACI-,0
+ACI-padarkkzjbruayvwslkssxmumkrjsz.jpg+ACI-,0
+ACI-pbndybjpdykkiinslkpnepifijnsvd.jpg+ACI-,0
+ACI-pcoalfrhngfbattlzqaljgpzrmdiby.jpg+ACI-,0
+ACI-pdcxycqzkznkqntnqsmobdhagkfazw.jpg+ACI-,0
+ACI-pdpxzumgibtauzdnqjxumygocmkunl.jpg+ACI-,0
+ACI-pdsjckkmbslkzreqwygyjkeyehtuwy.jpg+ACI-,0
+ACI-pektafvzybcgssvemzxjypfzsriqxx.jpg+ACI-,0
+ACI-pfruckaftscryoyslnzsaqjlrntcdh.jpg+ACI-,0
+ACI-phbrlkorxtxgllwntzlgujplyffcdm.jpg+ACI-,0
+ACI-phpzhjjsvyqxouxeeaethnilycqdoz.jpg+ACI-,0
+ACI-piswtqhtpepgcmilxfeiegdqpofqig.jpg+ACI-,0
+ACI-pixwzsjkuqmcdyobcgumwetegmnyfu.jpg+ACI-,0
+ACI-pjtremwjwtxaqyzmyuhqrkszorrons.jpg+ACI-,0
+ACI-plcaliiefkehjeqojgsaiztfbluwbx.jpg+ACI-,0
+ACI-plhsciipiahwdvplstefomscgwxnje.jpg+ACI-,0
+ACI-plvzvjasjncvrchqwqdwhuzotiofek.png+ACI-,0
+ACI-plyaiuqsdfyiowewiorerysaomwoum.jpg+ACI-,0
+ACI-pmlzympeefriiyldejvguoilrtbczx.jpg+ACI-,0
+ACI-pneabcoxhrbfqowczgsexzharlezae.jpg+ACI-,0
+ACI-pomnzkamhxjwtrgalmkbcevrqlijft.jpg+ACI-,0
+ACI-powtvfvfexvzhhubxcczdvqmuwgtil.jpg+ACI-,0
+ACI-ppgimbjhcwxshiqofuziffffgvnnbt.jpg+ACI-,0
+ACI-puffqlvmnlfcwcplpgbrgkuhgkejnl.jpg+ACI-,0
+ACI-pwynnfibfpdkeeuzxjljusaieterpf.jpg+ACI-,0
+ACI-pxktxhdsuefrpwxtugwuvttfgmqvyz.jpg+ACI-,0
+ACI-pydsgdgzcvormzgjxmsqxgizigmnqq.jpg+ACI-,0
+ACI-qaifzcezpnxsemsninrdanxnrecgxc.jpg+ACI-,0
+ACI-qasruetvxhqscyidfqsbztqteakyss.jpg+ACI-,0
+ACI-qcjrbqnfsvdmyjwegjlhzzzwzfdbgz.jpg+ACI-,0
+ACI-qcwfppwrwajqvcjtzgadczsmjjglpa.jpg+ACI-,0
+ACI-qddqjbxtpsdrvjjdkzkycjbbrgpekf.jpg+ACI-,0
+ACI-qgseasopsvkydhuvnlfmzqbgjydsys.jpg+ACI-,0
+ACI-qipkjvcthoccixqxbsdcqgjtzmqvcq.jpg+ACI-,0
+ACI-qiqrvyhllvochhswibdzbsxcuyfcif.jpg+ACI-,0
+ACI-qjkcqczswvymlnybfyqxppcwciayzz.jpg+ACI-,0
+ACI-qlbqjvzglvxhtbjyjrfunwrurqrxox.jpg+ACI-,0
+ACI-qlbtwvbhuhkdoyzgfkmcfqwqjujjwh.jpg+ACI-,0
+ACI-qnpphzfhyjxoutunxsukftvlauzuug.jpg+ACI-,0
+ACI-qqakhuzdxoctiscdztnrzrffzgdvux.jpg+ACI-,0
+ACI-qsgsfxhekupbygbbjmhmgmheylbals.jpg+ACI-,0
+ACI-qskzbotijtjaphichunoesuwbybguk.png+ACI-,0
+ACI-qstbmncsmqsiwmnzgipyutolniuxjd.jpg+ACI-,0
+ACI-qsxfaihdktxryqxchmdrhweaubkomf.jpg+ACI-,0
+ACI-qubxzzlnsdvcesxfodgkfhnckwewmm.jpg+ACI-,0
+ACI-qvnxjxzghixyyysszioajgjiexgwzh.jpg+ACI-,0
+ACI-qwqvucqqtmtobwedwslipeohnrkuwr.jpg+ACI-,0
+ACI-qwylrrncmfibtlszybqsofemgweggl.jpg+ACI-,0
+ACI-qwztxkkzraedpivehqtrdcfdcrrsse.png+ACI-,0
+ACI-raoltfuznhttwcfpscjepcqakdkmey.jpg+ACI-,0
+ACI-rbztrgnugpkdoaxagndgdjbijoqele.jpg+ACI-,0
+ACI-rccyeivmdwnblrlijjuyvzyxslwuhh.jpg+ACI-,0
+ACI-rdwfgwuicmbzlnqhtyhfemjzmpyrjm.jpg+ACI-,0
+ACI-rfbvqxxqlifrbwhfyopkxalfmvyhfy.jpg+ACI-,0
+ACI-rjcsevtxucgtrcxvvsblkrakusacxq.jpg+ACI-,0
+ACI-rjidoxfzbxyeffhrkzguqdqksvwtpa.jpg+ACI-,0
+ACI-rjsayiylvpblfpjzyxwnejcevzncpm.jpg+ACI-,0
+ACI-rkpymadccynfoyvmiftgekkfbbbhdi.png+ACI-,0
+ACI-rqxlpeljjhhifqnlrywertwvzywynb.jpg+ACI-,0
+ACI-rrrncyqvyxkyshtdtxrtzcmltgpugh.jpg+ACI-,0
+ACI-rtnaqoagadatjgbczdaehqawjeuxiq.jpg+ACI-,0
+ACI-rwlnkupbstmcbxurjkntrubebavmjd.jpg+ACI-,0
+ACI-rwrhwxbhdpdvlaxkattftklqiorcpo.jpg+ACI-,0
+ACI-saqwjlvhyizasymcqwuumkayyalabr.jpg+ACI-,0
+ACI-saxrcfliklfijsofesenfhbpipucza.jpg+ACI-,0
+ACI-sbjiktnxorfqchvhvtresgziklndbw.jpg+ACI-,0
+ACI-sceudskpqcmpiutrvrjvwzrlyhusve.jpg+ACI-,0
+ACI-sdfklgwygtjlxmwtbggmobikmuuzaw.jpg+ACI-,0
+ACI-sfpwptgynidjmylpqeukgkhzqcitgm.jpg+ACI-,0
+ACI-shtuvrpsdcmoaooaeitmnpuckoaraa.jpg+ACI-,0
+ACI-sipovcjjclpnpgtcypjziplmmnzblp.jpg+ACI-,0
+ACI-siqobtmqebviudcxtjszqquivmzvil.jpg+ACI-,0
+ACI-smanxydzpnqbtgyhnkbkqslunnvvyg.jpg+ACI-,0
+ACI-smoiczjaouyiefhoizeyarkxzwutbe.png+ACI-,0
+ACI-smudegzshenddkbjyxihvwjdrensex.jpeg+ACI-,0
+ACI-smwljmgvodmaektpwpvsjbgbemexkz.jpg+ACI-,0
+ACI-snqqviwsotitwwrblhtiabhvphphqw.jpg+ACI-,0
+ACI-snylansyoagwhxkcenskjanfkgpigr.jpg+ACI-,0
+ACI-sseuokumxzgersmrlhofzkzgrkozkq.png+ACI-,0
+ACI-ssidykbqfofxaqtorcftxaxtusuyvc.jpg+ACI-,0
+ACI-sslssipaijavmhtvbrixtbgwwnlshu.jpg+ACI-,0
+ACI-suvnfydgvqcgdaxlsazlxgubymvfhj.jpg+ACI-,0
+ACI-svegbhuohnflowxkhjvkrifgmxextf.jpg+ACI-,0
+ACI-syjhwwdrvsqvhmkdfyfmggthjmkvzd.jpg+ACI-,0
+ACI-szycncebucycdqljwiolfshxndzpcm.jpg+ACI-,0
+ACI-tbjzvqedthirsztsnsjkfrdgroofmt.jpg+ACI-,0
+ACI-tewzkpvegeenvrdteiupwxlvyjyffy.jpg+ACI-,0
+ACI-thxqsrejgecdethcqecanudtfofcrh.jpg+ACI-,0
+ACI-tihnjhjilrcolmyupysvxjvqbqhvzr.jpg+ACI-,0
+ACI-tkekamvpuqgwyxgekdpmbvarytgffk.jpg+ACI-,0
+ACI-tkudaszaqtrzmyypabwhwanaqqdgsn.jpg+ACI-,0
+ACI-tldspzpkenscsjyokedqawzuqdbjfh.jpg+ACI-,0
+ACI-tlqprwlybfxysvhrnfgnplgbqgsswu.jpg+ACI-,0
+ACI-tmthqtrdrzwgadmsftvwpwlssemeic.jpg+ACI-,0
+ACI-tnptubiwafwpnymkaaudzcjibkzfgp.jpg+ACI-,0
+ACI-tnvtseaxgaeuxslabsyczpucoervej.jpg+ACI-,0
+ACI-tosutnsfkotuhlqcxkyartdjribecy.jpg+ACI-,0
+ACI-tqpfjhcqdnetwghsusmzymjepbdnds.jpg+ACI-,0
+ACI-tqtohrbvnjhvqqpkcpqxihkomlzddz.jpg+ACI-,0
+ACI-trvmaugxfpnagutconbyismxjoizzi.jpg+ACI-,0
+ACI-twuombcbchukiltgyoxxovvpqidulj.jpg+ACI-,0
+ACI-txjtghyvfckkbeihbmqcamrwmhfwfr.jpg+ACI-,0
+ACI-tzwrmkyyhlxjrbedtztknvlrgdmnfq.jpg+ACI-,0
+ACI-uapjecavqzibecgdvrlwiabgymtvdt.jpg+ACI-,0
+ACI-ueexuzrrjzajyeojqfmglknvpzgzad.jpg+ACI-,0
+ACI-uemcqcfhactlnpdguyeqawxiarukdn.jpg+ACI-,0
+ACI-uemcyhtssgjcecjovuzrmvkxqwmldt.jpg+ACI-,0
+ACI-ufhysrqbbzlrqymeekhvxkoqeyxbyo.jpg+ACI-,0
+ACI-ufjcnzoabfdevufathmxztkvmlfgmd.jpg+ACI-,0
+ACI-ujdigrxiqfjtzrjgfwpvtjsxtviztq.jpg+ACI-,0
+ACI-umgwufightqsnhtjyfochvdnrcsccb.jpg+ACI-,0
+ACI-unkvelhemzsndcplwwcplvzhztcllz.jpg+ACI-,0
+ACI-unwndegdcmlinkjsprkshhnpomqvwd.jpg+ACI-,0
+ACI-uoqujcamsyjwlwoztrnvutbgrhdtkx.jpg+ACI-,0
+ACI-uqpvmjbjlwceqgltplhvdxyinayphz.jpg+ACI-,0
+ACI-urdgcrihebtothfemyxubtwpinualu.jpg+ACI-,0
+ACI-urfpnxaaxslypipkziqixilgvtitse.jpg+ACI-,0
+ACI-usdqhnysmqfjitrxqnfxkureaphlsa.jpg+ACI-,0
+ACI-utjaezxnmbadaiqjqgkmdmfdzqozqr.jpg+ACI-,0
+ACI-utqrcmliuqbblbxeacpcofcsxvhzgz.jpeg+ACI-,0
+ACI-uuapkpltdjmnmxgttzdtgoewvtdmkf.jpg+ACI-,0
+ACI-uvxtmvpwvucdhkyfjuqzrnxxgecptf.jpg+ACI-,0
+ACI-uxxhcjkukexpxutwqbvdjpgurqmwli.jpg+ACI-,0
+ACI-uyoqejdoxyisbuqsbwjwaecqutvtwg.jpg+ACI-,0
+ACI-uzfesehhvhqxuziizqgipuqbvjkarm.jpg+ACI-,0
+ACI-vdntoytydbayclzrqpfguwpzhplhvj.jpg+ACI-,0
+ACI-versewmzeguanbftslpjlyrupgqobt.jpg+ACI-,0
+ACI-vhwotvbcqepkhmhuhqvbdvahsixptb.jpg+ACI-,0
+ACI-vivqwqshafxumvxojbcouebhpjitvw.jpg+ACI-,0
+ACI-vlpwwjhopipwypxltcstohkkjgudbv.jpg+ACI-,0
+ACI-vluqtgdfiywtuveucboijzbanifapn.jpg+ACI-,0
+ACI-vlxbaplwagipvtfkcjbzapysqmffld.jpg+ACI-,0
+ACI-volxwqaiygijoxnemgujucdvaxcmla.jpg+ACI-,0
+ACI-vvbpnstpnzspemzfccnfftwnsyfosx.jpg+ACI-,0
+ACI-vwnowxqsikzzgaupttmtfffkbprphp.jpg+ACI-,0
+ACI-vwqrhobzdutxipuwgssuzjbhxumbod.jpg+ACI-,0
+ACI-vzqbztrjuoyuzfygogzutjfvnppmpi.jpg+ACI-,0
+ACI-vzygdcxwtgrkwsimilpsbttbchwjey.jpg+ACI-,0
+ACI-wbbujdiznmyiiqjwpjymtypyswyumo.jpg+ACI-,0
+ACI-wbctqgrcgqwhbywsikdklrtbmrplim.jpg+ACI-,0
+ACI-wbfrwkddjwawzxnikfrpffjxtowjhv.jpg+ACI-,0
+ACI-wcjujbvemumhadmwcgkgwahqmrhoif.jpg+ACI-,0
+ACI-wcnsyehazqxgakcdbtyehtkwoiwppj.jpg+ACI-,0
+ACI-wcydlpgrwjmptowavcltpotjbgvxhb.jpg+ACI-,0
+ACI-wdlioyaloeejrcvmjpixqoczoesuns.jpg+ACI-,0
+ACI-weipwizxckxeagywuilohlxktcrypk.jpg+ACI-,0
+ACI-weubnhdcwsklnxmbaoetvbzfistxwg.jpg+ACI-,0
+ACI-wflunumlnfgrpwisuymmudqnjobspo.jpg+ACI-,0
+ACI-wgkzydvcyrnzspiukwtrbmwptujyoo.jpg+ACI-,0
+ACI-wiovvusmzmxindaealykgesxwwleql.jpg+ACI-,0
+ACI-wischoicbrogjyfnhdycphsaneiuwm.jpg+ACI-,0
+ACI-wkvfouqvychfqwsmjnhkraowobkxgy.jpg+ACI-,0
+ACI-wleebloflbfqkneclgoekidfidccim.jpg+ACI-,0
+ACI-wljliaaphisemiemsxielexjlkirlv.jpg+ACI-,0
+ACI-wnwkpbivybsvhesdkadymsqmqopfuy.jpg+ACI-,0
+ACI-woazdfgnjkbxcskuamebaxedxhpszi.jpg+ACI-,0
+ACI-woobvdyoeohahdgjtajoywfsxmtijg.jpg+ACI-,0
+ACI-wooltgxaythwvbtdoruodwvmvbrpfg.jpg+ACI-,0
+ACI-woulzzpagnqwxegofpdnsxbytvjdki.jpg+ACI-,0
+ACI-wpiddqgustjsgnzcdoykwhecjmfsbo.jpg+ACI-,0
+ACI-wpsmdmlakitjsnypxeecpajkecrgqw.jpg+ACI-,0
+ACI-wpujnxoeirxcyjiiezydfkaxksrdwg.jpg+ACI-,0
+ACI-wqzkxqasodsnxcugavcqsuqmdwqfoa.png+ACI-,0
+ACI-wrtiyoywiyiawtrnbizxykeqjoesmb.jpg+ACI-,0
+ACI-wtcbodbqepiirrtgpzclqipkojxodr.jpg+ACI-,0
+ACI-wwgnzvefvkhqgcvgzvucdwslmhqdfl.jpg+ACI-,0
+ACI-wwibybtbnrvydizirztvgsbuulpouw.jpg+ACI-,0
+ACI-wzdhiyzvbjlpatadxltwukvizlkpfi.jpg+ACI-,0
+ACI-xaufwjptvdpofxbuefzpcbjdgurmov.jpg+ACI-,0
+ACI-xbuuveyzfnrozevdlhayiqncadyiof.jpg+ACI-,0
+ACI-xemgrytlfzpwpxlpoyklejnqclztru.jpg+ACI-,0
+ACI-xfnuyuiibfvnhcxneinujhzmxyffdn.jpg+ACI-,0
+ACI-xgfrghdwyumnzdvxsuzlehyruvkita.png+ACI-,0
+ACI-xjngjjhzpyhxmstueplojbqreasnes.jpg+ACI-,0
+ACI-xkdueyinwrnlyioamfbqqymynyyjow.jpg+ACI-,0
+ACI-xklxzfuxkxgykpuhuzzaldbdjhcydx.jpg+ACI-,0
+ACI-xkoqrazzrpistsmscyvjarmiuwljsd.jpg+ACI-,0
+ACI-xnyhtjljydambkxbueqmgixbainqrw.jpg+ACI-,0
+ACI-xpivtvyweotwypnjfaenuhouijtwrj.jpg+ACI-,0
+ACI-xqhpwicnsoejqslgrlwvntqhqdrjjt.jpg+ACI-,0
+ACI-xurcoxcuznkvnyjhrqrtjfnrqqtlby.jpg+ACI-,0
+ACI-xxirvsjxpsdmicscgrmpcczbnrtoek.jpg+ACI-,0
+ACI-xxpzhbftdvltokjuzrdiuksfeynqlu.jpg+ACI-,0
+ACI-xykoojgoemrcfmvdobwvlurbpoikpq.jpg+ACI-,0
+ACI-xynfggwypiqaesxayyvjlqfmhsvnlo.jpg+ACI-,0
+ACI-xzcvpmdsnwcmeooidiemxzofsvqrvo.png+ACI-,0
+ACI-ycdmtgjjzxhgzblmjrujqpemeqksch.jpeg+ACI-,0
+ACI-yegdjxoapgowmbnvlrdryvaecnynya.jpg+ACI-,0
+ACI-yionojckwcmjxtjevsvpmjezycmilb.jpg+ACI-,0
+ACI-yjncarmoymzspzoiuivzecdjjxnitj.jpg+ACI-,0
+ACI-yklgcnlafkcgjozrkuzbebbsggluus.png+ACI-,0
+ACI-ykmaworjsfbglvakdrsbqhupjiqkhn.jpg+ACI-,0
+ACI-ykngxpgtimmeszcxyntqujxyslvkrz.jpg+ACI-,0
+ACI-yknhljrexjerzopcvabkfobfaznbce.jpg+ACI-,0
+ACI-ylqsaoehrinbdgkmyqobrytabqvqad.jpg+ACI-,0
+ACI-yncgdbcfbdpippiqjexosicvuxetik.jpg+ACI-,0
+ACI-yoljgngorsosxyvpmflodycbrzlojm.jpg+ACI-,0
+ACI-yqhsjijloqxbrfjzbqnasiqfqyvgjq.jpg+ACI-,0
+ACI-ytxadvbbcvbohxmbtvnyepjzdskwli.jpg+ACI-,0
+ACI-yurmkbqrwlidqgbgeeszgsuzzizhtv.jpg+ACI-,0
+ACI-yyvvnujfgpfcpcgwdyjfthnlycslkk.jpg+ACI-,0
+ACI-zdfiplzlfcwkyfucjdtkskjxjdeavq.jpg+ACI-,0
+ACI-zesbxhcglwjpplcmsfntcpummkbhfz.jpg+ACI-,0
+ACI-zgigmyufwdfgxuspzppusdfstysjfs.jpg+ACI-,0
+ACI-zhkdanqqseexvicplcyekiwjqqlhhz.jpg+ACI-,0
+ACI-ziseknqemrbhawedjdyxevolrwumkq.jpg+ACI-,0
+ACI-zjcrlegcioljqhlaowlaklxwojfpil.jpg+ACI-,0
+ACI-zjlngjlzjwonpqhiiztranntupvtom.jpg+ACI-,0
+ACI-zkmcdlytdocncvgmigqhklfvjqwrni.jpg+ACI-,0
+ACI-zkpcokomrmpbncplmxcklnvgaabmoq.jpg+ACI-,0
+ACI-zndfvhigsuchffrepbzdwrlhgncmtd.jpg+ACI-,0
+ACI-zneawovpezfvxphxdlzgpjhllyxuss.jpg+ACI-,0
+ACI-zodcoeblnsvtuoftjlpquidfhnbtwc.jpg+ACI-,0
+ACI-zojvaryviuzftjfkmeazlzekvpdxri.jpg+ACI-,0
+ACI-zpfhbgixcctxylnihhrepjgcmjksvf.jpg+ACI-,0
+ACI-zuignwckjykxefmpubjpjefvhghaoi.jpg+ACI-,0
+ACI-zuxvwdblfwjpibjexgfglpyreqslhs.jpg+ACI-,0
+ACI-zvyajojutzgqumdjfxxkpiuuxeefyy.jpg+ACI-,0
+ACI-zynasgxnxnzqaallnvkthegctommtu.jpg+ACI-,0
